"8252_txt_trade","310"
"12186_txt_acq","321"
"16973_txt_trade","321"
"14199_txt_trade","324"
"19912_txt_acq","324"
"10608_txt_trade","328"
"901_txt_interest","328"
"11390_txt_trade","331"
"16257_txt_trade","332"
"1066_txt_earn","334"
"11916_txt_acq","336"
"8259_txt_acq","337"
"8765_txt_crude","341"
"17245_txt_trade","344"
"17274_txt_trade","344"
"10642_txt_trade","346"
"10665_txt_trade","346"
"14642_txt_interest","346"
"10695_txt_trade","347"
"10767_txt_trade","347"
"10779_txt_trade","347"
"10781_txt_trade","347"
"11555_txt_trade","348"
"8835_txt_crude","348"
"17822_txt_acq","355"
"7771_txt_trade","357"
"10623_txt_trade","368"
"6886_txt_acq","368"
"12627_txt_interest","374"
"17164_txt_acq","379"
"2638_txt_acq","380"
"10784_txt_acq","383"
"15061_txt_acq","384"
"8717_txt_acq","384"
"17659_txt_acq","393"
"2128_txt_acq","405"
"7907_txt_trade","405"
"1356_txt_trade","419"
"4510_txt_acq","419"
"17419_txt_crude","420"
"17201_txt_trade","426"
"17269_txt_trade","427"
"12197_txt_interest","431"
"12546_txt_acq","436"
"14859_txt_earn","436"
"16256_txt_trade","437"
"17335_txt_trade","437"
"12221_txt_acq","438"
"9076_txt_trade","450"
"5402_txt_earn","451"
"2783_txt_acq","454"
"18570_txt_acq","458"
"16487_txt_earn","461"
"15295_txt_earn","462"
"679_txt_acq","479"
"9827_txt_earn","481"
"13039_txt_trade","493"
"1948_txt_crude","493"
"12503_txt_crude","494"
"7097_txt_crude","494"
"8606_txt_crude","496"
"17694_txt_acq","499"
"18313_txt_acq","504"
"17431_txt_crude","510"
"7618_txt_crude","510"
"8692_txt_trade","512"
"8699_txt_trade","512"
"16929_txt_trade","516"
"6874_txt_acq","518"
"5643_txt_acq","519"
"17086_txt_acq","522"
"6422_txt_acq","533"
"8880_txt_acq","533"
"17488_txt_acq","536"
"19744_txt_acq","543"
"11858_txt_interest","546"
"9742_txt_acq","551"
"5097_txt_acq","553"
"17860_txt_acq","555"
"3290_txt_acq","575"
"3556_txt_crude","578"
"12278_txt_interest","579"
"9677_txt_acq","592"
"10347_txt_trade","602"
"6346_txt_acq","608"
"17292_txt_interest","609"
"11575_txt_earn","615"
"7058_txt_earn","619"
"17746_txt_acq","625"
"11597_txt_acq","631"
"1125_txt_interest","632"
"5237_txt_interest","634"
"15579_txt_interest","642"
"15096_txt_interest","646"
"16932_txt_trade","649"
"12732_txt_interest","660"
"20039_txt_acq","666"
"12398_txt_interest","674"
"12469_txt_interest","674"
"21466_txt_acq","675"
"8167_txt_crude","678"
"9030_txt_earn","678"
"11425_txt_interest","684"
"11861_txt_interest","735"
"12229_txt_interest","735"
"12302_txt_interest","735"
"12333_txt_interest","735"
"9234_txt_acq","736"
"14270_txt_interest","741"
"15550_txt_interest","743"
"2584_txt_earn","744"
"352_txt_crude","745"
"19963_txt_acq","754"
"21376_txt_acq","755"
"8089_txt_crude","760"
"3607_txt_acq","766"
"4384_txt_earn","769"
"11574_txt_trade","771"
"21285_txt_interest","777"
"12694_txt_interest","816"
"12457_txt_trade","817"
"12473_txt_trade","817"
"6922_txt_interest","827"
"15964_txt_crude","829"
"17993_txt_acq","838"
"225_txt_interest","849"
"20090_txt_crude","864"
"19331_txt_acq","869"
"15384_txt_interest","874"
"982_txt_acq","883"
"7355_txt_crude","899"
"3302_txt_acq","909"
"6348_txt_crude","915"
"8582_txt_earn","926"
"2089_txt_earn","929"
"11498_txt_trade","958"
"10545_txt_interest","995"
"15004_txt_acq","1008"
"10054_txt_earn","1017"
"15366_txt_acq","1020"
"19766_txt_acq","1029"
"11257_txt_acq","1032"
"16788_txt_trade","1062"
"15736_txt_earn","1079"
"1480_txt_acq","1081"
"11492_txt_acq","1089"
"20775_txt_acq","1095"
"11344_txt_acq","1110"
"1808_txt_acq","1130"
"14843_txt_acq","1137"
"19760_txt_acq","1166"
"10721_txt_acq","1176"
"8951_txt_interest","1179"
"9239_txt_acq","1200"
"16493_txt_acq","1213"
"13231_txt_interest","1221"
"19378_txt_acq","1237"
"12010_txt_interest","1243"
"2952_txt_interest","1251"
"17216_txt_trade","1254"
"17277_txt_trade","1254"
"12912_txt_interest","1261"
"10464_txt_interest","1266"
"8849_txt_acq","1268"
"8802_txt_interest","1278"
"17758_txt_interest","1293"
"322_txt_interest","1307"
"18075_txt_acq","1318"
"12309_txt_acq","1368"
"5268_txt_crude","1380"
"8747_txt_trade","1382"
"12883_txt_acq","1403"
"11299_txt_acq","1404"
"3264_txt_acq","1419"
"3702_txt_interest","1437"
"6111_txt_crude","1438"
"16304_txt_interest","1439"
"7570_txt_acq","1441"
"11907_txt_interest","1447"
"11913_txt_interest","1447"
"11934_txt_interest","1447"
"11940_txt_interest","1447"
"11960_txt_interest","1447"
"11989_txt_interest","1447"
"12102_txt_interest","1447"
"12112_txt_interest","1447"
"12125_txt_interest","1447"
"12131_txt_interest","1447"
"12147_txt_interest","1447"
"12235_txt_interest","1447"
"12246_txt_interest","1447"
"12260_txt_interest","1447"
"12274_txt_interest","1447"
"12509_txt_interest","1448"
"12571_txt_interest","1448"
"12592_txt_interest","1448"
"12632_txt_interest","1448"
"12657_txt_interest","1448"
"12687_txt_interest","1448"
"12514_txt_interest","1449"
"18566_txt_acq","1453"
"16407_txt_interest","1459"
"12101_txt_interest","1471"
"12454_txt_acq","1496"
"12774_txt_interest","1506"
"9850_txt_acq","1515"
"12316_txt_interest","1526"
"12483_txt_interest","1527"
"6282_txt_acq","1541"
"11446_txt_trade","1551"
"12259_txt_interest","1575"
"12336_txt_interest","1601"
"17593_txt_interest","1637"
"2121_txt_crude","1658"
"7657_txt_earn","1678"
"12305_txt_acq","1688"
"11202_txt_acq","1702"
"15561_txt_acq","1703"
"2046_txt_crude","1705"
"10768_txt_acq","1709"
"17003_txt_crude","1721"
"17191_txt_interest","1747"
"4970_txt_acq","1758"
"3342_txt_crude","1765"
"12084_txt_interest","1776"
"127_txt_crude","1776"
"17899_txt_interest","1781"
"4474_txt_crude","1816"
"4481_txt_crude","1816"
"16607_txt_crude","1825"
"16649_txt_crude","1825"
"18523_txt_crude","1826"
"12702_txt_acq","1827"
"543_txt_crude","1829"
"17892_txt_crude","1833"
"3596_txt_acq","1959"
"835_txt_crude","1978"
"2517_txt_crude","1981"
"13056_txt_crude","1983"
"12073_txt_interest","1986"
"725_txt_acq","1988"
"11095_txt_acq","1990"
"1588_txt_trade","1990"
"18746_txt_crude","1990"
"17618_txt_crude","1991"
"14904_txt_trade","1993"
"16075_txt_interest","1994"
"20420_txt_crude","1995"
"3364_txt_crude","1995"
"894_txt_trade","2000"
"16457_txt_acq","2001"
"16677_txt_acq","2002"
"4552_txt_trade","2005"
"5964_txt_trade","2005"
"7310_txt_interest","2006"
"21134_txt_acq","2007"
"6598_txt_crude","2008"
"9674_txt_crude","2008"
"8220_txt_acq","2009"
"3939_txt_acq","2010"
"15223_txt_trade","2011"
"18157_txt_acq","2011"
"8554_txt_trade","2011"
"9232_txt_earn","2012"
"15217_txt_acq","2014"
"11837_txt_acq","2017"
"1675_txt_trade","2017"
"11314_txt_interest","2018"
"18465_txt_interest","2018"
"18549_txt_interest","2018"
"7643_txt_trade","2019"
"6177_txt_crude","2021"
"21018_txt_crude","2023"
"12504_txt_acq","2033"
"1409_txt_acq","2033"
"14282_txt_earn","2033"
"13262_txt_interest","2034"
"18448_txt_crude","2034"
"5358_txt_earn","2034"
"8599_txt_trade","2035"
"8725_txt_trade","2035"
"12731_txt_interest","2037"
"4097_txt_earn","2037"
"18728_txt_crude","2039"
"18736_txt_crude","2039"
"18765_txt_crude","2039"
"18795_txt_crude","2039"
"9293_txt_crude","2039"
"16214_txt_interest","2040"
"19895_txt_acq","2041"
"19505_txt_crude","2047"
"16591_txt_acq","2049"
"5440_txt_earn","2051"
"16531_txt_acq","2053"
"16563_txt_acq","2053"
"930_txt_crude","2062"
"945_txt_crude","2062"
"10985_txt_acq","2066"
"9531_txt_earn","2066"
"11643_txt_earn","2070"
"8480_txt_earn","2070"
"9847_txt_trade","2071"
"11455_txt_crude","2074"
"1951_txt_trade","2074"
"2897_txt_acq","2074"
"11707_txt_acq","2075"
"6746_txt_crude","2078"
"15885_txt_acq","2081"
"6763_txt_earn","2085"
"8830_txt_acq","2085"
"6532_txt_earn","2086"
"11639_txt_crude","2089"
"17282_txt_trade","2089"
"5351_txt_earn","2092"
"16935_txt_trade","2093"
"16957_txt_trade","2093"
"19935_txt_acq","2096"
"16774_txt_trade","2097"
"16787_txt_trade","2097"
"10877_txt_earn","2098"
"11174_txt_trade","2100"
"3825_txt_interest","2101"
"5620_txt_earn","2104"
"19433_txt_trade","2105"
"11352_txt_trade","2109"
"16636_txt_crude","2111"
"7802_txt_trade","2111"
"16088_txt_trade","2114"
"16926_txt_trade","2115"
"10843_txt_acq","2117"
"3542_txt_interest","2122"
"853_txt_acq","2122"
"9872_txt_acq","2127"
"11149_txt_crude","2128"
"5080_txt_acq","2129"
"16409_txt_acq","2133"
"10872_txt_acq","2136"
"5973_txt_trade","2139"
"11285_txt_acq","2140"
"14739_txt_trade","2142"
"873_txt_crude","2148"
"952_txt_crude","2148"
"12848_txt_trade","2153"
"8224_txt_acq","2155"
"2596_txt_acq","2159"
"8080_txt_trade","2159"
"8198_txt_trade","2160"
"16794_txt_trade","2162"
"5376_txt_trade","2166"
"4026_txt_trade","2168"
"13276_txt_crude","2169"
"13290_txt_crude","2169"
"21550_txt_acq","2174"
"5742_txt_earn","2182"
"4525_txt_crude","2186"
"17960_txt_acq","2192"
"21491_txt_interest","2199"
"9053_txt_earn","2200"
"17083_txt_trade","2204"
"16651_txt_crude","2205"
"5272_txt_acq","2205"
"8598_txt_crude","2206"
"9443_txt_acq","2211"
"11657_txt_acq","2217"
"6460_txt_earn","2222"
"18362_txt_interest","2229"
"7825_txt_acq","2231"
"2664_txt_earn","2234"
"211_txt_crude","2246"
"18355_txt_earn","2255"
"16648_txt_acq","2260"
"13046_txt_trade","2263"
"15296_txt_earn","2276"
"12173_txt_acq","2302"
"5127_txt_interest","2304"
"12755_txt_trade","2310"
"19377_txt_trade","2320"
"1739_txt_acq","2323"
"11636_txt_earn","2334"
"191_txt_crude","2335"
"8044_txt_trade","2346"
"19950_txt_acq","2348"
"1809_txt_trade","2384"
"5092_txt_earn","2384"
"7600_txt_trade","2386"
"1478_txt_trade","2387"
"19998_txt_crude","2388"
"15691_txt_earn","2413"
"18595_txt_interest","2427"
"16856_txt_trade","2430"
"14395_txt_crude","2457"
"4465_txt_acq","2472"
"1315_txt_earn","2476"
"10146_txt_acq","2485"
"16871_txt_trade","2511"
"4867_txt_crude","2513"
"2500_txt_acq","2514"
"11198_txt_trade","2515"
"18234_txt_crude","2527"
"20787_txt_trade","2541"
"5299_txt_acq","2541"
"5270_txt_crude","2561"
"15197_txt_earn","2565"
"19128_txt_crude","2571"
"918_txt_crude","2571"
"19732_txt_acq","2577"
"19697_txt_acq","2603"
"15961_txt_acq","2617"
"11118_txt_crude","2630"
"10518_txt_acq","2634"
"15447_txt_trade","2648"
"11315_txt_trade","2654"
"19193_txt_crude","2658"
"3534_txt_interest","2661"
"17863_txt_acq","2663"
"15501_txt_acq","2673"
"12759_txt_acq","2679"
"18698_txt_crude","2680"
"5675_txt_acq","2681"
"17405_txt_crude","2708"
"19483_txt_interest","2711"
"14826_txt_trade","2774"
"16215_txt_acq","2785"
"12602_txt_trade","2787"
"11222_txt_trade","2796"
"489_txt_crude","2820"
"502_txt_crude","2820"
"11580_txt_trade","2833"
"11113_txt_acq","2836"
"16619_txt_earn","2837"
"20151_txt_earn","2840"
"4987_txt_trade","2850"
"16941_txt_acq","2870"
"9352_txt_earn","2877"
"17256_txt_trade","2899"
"1013_txt_earn","2904"
"15121_txt_earn","2918"
"5146_txt_trade","2937"
"9588_txt_earn","2938"
"248_txt_crude","2943"
"12600_txt_acq","2959"
"6034_txt_acq","2959"
"6884_txt_acq","2986"
"3477_txt_acq","3022"
"18497_txt_earn","3046"
"18066_txt_crude","3047"
"12492_txt_acq","3051"
"5220_txt_trade","3056"
"5508_txt_trade","3082"
"18108_txt_crude","3139"
"8051_txt_earn","3145"
"11933_txt_earn","3164"
"1210_txt_trade","3181"
"10455_txt_trade","3190"
"12250_txt_acq","3211"
"18104_txt_trade","3215"
"2470_txt_acq","3257"
"5739_txt_acq","3268"
"15049_txt_interest","3288"
"1847_txt_acq","3322"
"4458_txt_interest","3322"
"16429_txt_crude","3341"
"10414_txt_acq","3347"
"4084_txt_trade","3356"
"18577_txt_acq","3364"
"7964_txt_acq","3372"
"194_txt_crude","3373"
"2609_txt_acq","3386"
"4277_txt_acq","3483"
"17254_txt_crude","3489"
"17289_txt_crude","3489"
"2585_txt_crude","3496"
"19181_txt_acq","3511"
"6757_txt_trade","3541"
"17329_txt_crude","3567"
"3985_txt_crude","3596"
"4576_txt_crude","3597"
"4453_txt_crude","3601"
"3003_txt_crude","3665"
"7639_txt_crude","3674"
"20038_txt_interest","3680"
"10192_txt_crude","3693"
"4810_txt_earn","3746"
"2953_txt_acq","3760"
"3009_txt_acq","3762"
"18754_txt_crude","3795"
"13321_txt_interest","3810"
"13543_txt_interest","3810"
"8005_txt_earn","3846"
"15396_txt_earn","3850"
"16961_txt_crude","3885"
"12890_txt_acq","3907"
"21267_txt_crude","3920"
"21067_txt_crude","3929"
"354_txt_trade","3941"
"8493_txt_crude","3973"
"12201_txt_earn","3995"
"1226_txt_trade","4000"
"11658_txt_trade","4003"
"16150_txt_interest","4006"
"1182_txt_earn","4018"
"17365_txt_crude","4018"
"12940_txt_crude","4025"
"12775_txt_crude","4029"
"11324_txt_acq","4033"
"939_txt_acq","4038"
"12211_txt_earn","4041"
"16555_txt_acq","4041"
"15230_txt_crude","4046"
"15052_txt_acq","4068"
"6119_txt_crude","4070"
"6169_txt_crude","4070"
"8258_txt_earn","4075"
"10833_txt_earn","4095"
"17074_txt_trade","4126"
"9194_txt_trade","4129"
"17084_txt_trade","4132"
"8553_txt_crude","4155"
"4374_txt_earn","4168"
"140_txt_earn","4172"
"17929_txt_crude","4176"
"17963_txt_crude","4176"
"2890_txt_earn","4183"
"5328_txt_earn","4183"
"11802_txt_earn","4195"
"19409_txt_acq","4209"
"4172_txt_trade","4215"
"17478_txt_crude","4225"
"9697_txt_trade","4233"
"1387_txt_crude","4238"
"4246_txt_crude","4243"
"3189_txt_crude","4246"
"17809_txt_acq","4256"
"19556_txt_crude","4279"
"4027_txt_trade","4299"
"8322_txt_earn","4305"
"18229_txt_acq","4312"
"2213_txt_earn","4313"
"20744_txt_acq","4328"
"21562_txt_trade","4330"
"6465_txt_earn","4330"
"16995_txt_acq","4380"
"8624_txt_trade","4389"
"20159_txt_interest","4402"
"13291_txt_crude","4421"
"9841_txt_interest","4460"
"237_txt_crude","4473"
"6473_txt_acq","4477"
"1427_txt_interest","4481"
"5511_txt_earn","4494"
"3441_txt_trade","4498"
"3553_txt_trade","4499"
"18138_txt_acq","4526"
"196_txt_earn","4544"
"12397_txt_earn","4611"
"11891_txt_acq","4615"
"17511_txt_trade","4615"
"8944_txt_acq","4638"
"7847_txt_acq","4673"
"14962_txt_earn","4694"
"21363_txt_crude","4695"
"130_txt_earn","4718"
"2810_txt_acq","4721"
"9549_txt_earn","4771"
"19191_txt_interest","4775"
"18520_txt_interest","4818"
"10233_txt_earn","4822"
"16126_txt_trade","4857"
"19833_txt_acq","4908"
"3192_txt_interest","5001"
"1152_txt_earn","5043"
"3507_txt_crude","5050"
"18773_txt_crude","5077"
"7287_txt_crude","5086"
"18488_txt_interest","5108"
"18564_txt_interest","5108"
"18689_txt_crude","5118"
"15227_txt_earn","5120"
"9763_txt_trade","5121"
"9328_txt_earn","5134"
"17279_txt_trade","5182"
"13142_txt_crude","5200"
"342_txt_trade","5208"
"3389_txt_crude","5214"
"21259_txt_earn","5221"
"1875_txt_crude","5264"
"15703_txt_earn","5278"
"5516_txt_acq","5278"
"12697_txt_acq","5287"
"12677_txt_acq","5294"
"1798_txt_acq","5309"
"17573_txt_acq","5365"
"4584_txt_crude","5372"
"17052_txt_interest","5401"
"11088_txt_acq","5405"
"331_txt_acq","5419"
"10905_txt_trade","5446"
"4201_txt_acq","5538"
"16725_txt_earn","5630"
"9761_txt_earn","5690"
"10255_txt_trade","5739"
"20936_txt_crude","5744"
"20721_txt_crude","5746"
"16176_txt_acq","5767"
"18840_txt_crude","5768"
"20709_txt_crude","5777"
"4795_txt_earn","5778"
"17452_txt_trade","5832"
"11076_txt_trade","5837"
"19492_txt_crude","5841"
"16588_txt_earn","5855"
"3360_txt_interest","5874"
"17333_txt_acq","5934"
"16644_txt_earn","5942"
"6913_txt_crude","5946"
"19775_txt_interest","5990"
"18302_txt_trade","6024"
"3198_txt_acq","6032"
"2137_txt_earn","6102"
"6090_txt_acq","6120"
"15154_txt_trade","6121"
"18148_txt_trade","6137"
"19810_txt_acq","6215"
"3902_txt_trade","6225"
"9603_txt_trade","6226"
"8441_txt_acq","6235"
"5278_txt_trade","6249"
"17359_txt_crude","6296"
"17186_txt_trade","6330"
"696_txt_earn","6332"
"8972_txt_earn","6334"
"9943_txt_interest","6342"
"9988_txt_interest","6342"
"8344_txt_interest","6354"
"20653_txt_crude","6378"
"3303_txt_crude","6408"
"12286_txt_crude","6427"
"18467_txt_acq","6453"
"13008_txt_interest","6514"
"13281_txt_crude","6535"
"7531_txt_trade","6541"
"7539_txt_acq","6571"
"8799_txt_earn","6582"
"13966_txt_earn","6601"
"18061_txt_trade","6619"
"2728_txt_acq","6629"
"15944_txt_earn","6635"
"19273_txt_trade","6732"
"12395_txt_acq","6740"
"47_txt_trade","6741"
"17180_txt_trade","6742"
"18210_txt_acq","6742"
"5684_txt_trade","6784"
"5692_txt_trade","6784"
"4881_txt_interest","6839"
"3117_txt_earn","6841"
"3118_txt_earn","6864"
"6863_txt_earn","6875"
"4773_txt_earn","6897"
"3890_txt_earn","6931"
"3455_txt_crude","6932"
"17449_txt_trade","6948"
"9031_txt_crude","6996"
"3539_txt_interest","7104"
"1718_txt_earn","7120"
"3777_txt_earn","7171"
"2985_txt_trade","7214"
"8212_txt_trade","7215"
"5171_txt_crude","7218"
"5167_txt_crude","7263"
"5273_txt_crude","7264"
"2109_txt_earn","7312"
"10944_txt_earn","7437"
"16680_txt_acq","7497"
"11763_txt_acq","7536"
"8209_txt_crude","7541"
"2619_txt_earn","7608"
"17875_txt_crude","7649"
"16125_txt_trade","7686"
"15386_txt_trade","7773"
"1078_txt_interest","7777"
"3931_txt_trade","7777"
"16939_txt_crude","7797"
"1963_txt_trade","7802"
"12696_txt_interest","7875"
"18621_txt_crude","7943"
"17981_txt_acq","8002"
"4472_txt_earn","8003"
"5810_txt_trade","8005"
"6976_txt_trade","8025"
"20869_txt_crude","8112"
"5429_txt_earn","8119"
"20095_txt_crude","8142"
"15939_txt_crude","8159"
"18530_txt_acq","8279"
"5236_txt_trade","8295"
"4048_txt_trade","8324"
"6866_txt_trade","8359"
"11225_txt_trade","8368"
"18438_txt_acq","8381"
"19022_txt_interest","8430"
"19560_txt_crude","8439"
"4238_txt_trade","8527"
"9230_txt_acq","8562"
"3509_txt_crude","8566"
"16354_txt_earn","8609"
"6507_txt_earn","8637"
"11123_txt_earn","8720"
"5276_txt_earn","8743"
"20826_txt_earn","8750"
"16139_txt_trade","8763"
"9184_txt_trade","8768"
"1306_txt_crude","8789"
"8091_txt_acq","8816"
"10632_txt_crude","8923"
"16278_txt_earn","8963"
"16120_txt_interest","9167"
"11822_txt_acq","9194"
"16946_txt_trade","9307"
"12389_txt_earn","9316"
"15430_txt_trade","9339"
"7067_txt_crude","9344"
"8992_txt_earn","9377"
"15832_txt_earn","9485"
"5071_txt_earn","9497"
"11855_txt_earn","9536"
"10845_txt_crude","9545"
"10873_txt_crude","9545"
"16094_txt_trade","9567"
"16357_txt_trade","9567"
"21302_txt_earn","9575"
"3751_txt_earn","9590"
"8349_txt_earn","9627"
"8137_txt_interest","9638"
"11771_txt_trade","9814"
"8666_txt_acq","9814"
"13263_txt_earn","9959"
"5057_txt_trade","9983"
"13482_txt_trade","10087"
"11717_txt_earn","10090"
"110_txt_acq","10272"
"3563_txt_crude","10299"
"6765_txt_earn","10380"
"17812_txt_acq","10498"
"4115_txt_trade","10512"
"9081_txt_acq","10696"
"960_txt_acq","10870"
"21264_txt_earn","10930"
"7576_txt_earn","10962"
"393_txt_acq","11060"
"9155_txt_crude","11135"
"18938_txt_acq","11314"
"12203_txt_acq","11492"
"15674_txt_earn","11521"
"15570_txt_earn","11524"
"5235_txt_interest","11590"
"12630_txt_earn","11602"
"16005_txt_crude","11693"
"12521_txt_earn","11879"
"7003_txt_earn","11886"
"5274_txt_trade","11949"
"2449_txt_crude","12079"
"18688_txt_acq","12094"
"19291_txt_crude","12116"
"6178_txt_interest","12180"
"11746_txt_interest","12213"
"15239_txt_acq","12269"
"5091_txt_acq","12587"
"3463_txt_earn","12688"
"11221_txt_earn","12797"
"5210_txt_earn","12806"
"1836_txt_acq","12918"
"10738_txt_earn","13053"
"20334_txt_earn","13060"
"9192_txt_earn","13147"
"21435_txt_earn","13241"
"3261_txt_acq","13263"
"19832_txt_crude","13336"
"8155_txt_earn","13422"
"21260_txt_earn","13435"
"20515_txt_earn","13480"
"19380_txt_acq","13608"
"18432_txt_crude","13667"
"758_txt_earn","13720"
"4132_txt_earn","13768"
"925_txt_trade","13806"
"20682_txt_trade","13834"
"10130_txt_earn","14328"
"6996_txt_crude","14352"
"5053_txt_earn","14392"
"20474_txt_crude","14507"
"4733_txt_acq","14567"
"21373_txt_earn","14583"
"17433_txt_crude","14608"
"11370_txt_earn","14752"
"6752_txt_earn","14797"
"7085_txt_earn","14900"
"15244_txt_crude","15008"
"233_txt_interest","15041"
"732_txt_acq","15075"
"20189_txt_earn","15098"
"16434_txt_earn","15161"
"10947_txt_crude","15177"
"6665_txt_acq","15245"
"12886_txt_earn","15270"
"16964_txt_trade","15275"
"12318_txt_earn","15391"
"3269_txt_earn","15460"
"19062_txt_trade","15591"
"8449_txt_earn","15753"
"16052_txt_trade","16016"
"13256_txt_crude","16093"
"12680_txt_crude","16095"
"3103_txt_interest","16166"
"3122_txt_interest","16166"
"16136_txt_acq","16450"
"20393_txt_earn","16654"
"6454_txt_earn","16856"
"3332_txt_crude","16919"
"3430_txt_crude","17932"
"4286_txt_earn","18608"
"16246_txt_earn","18618"
"2205_txt_earn","18649"
"11373_txt_acq","18781"
"4638_txt_trade","18856"
"3743_txt_earn","19090"
"20165_txt_earn","19119"
"924_txt_trade","19127"
"6335_txt_earn","19205"
"20262_txt_interest","19348"
"5371_txt_trade","19442"
"6816_txt_earn","19688"
"299_txt_earn","20093"
"6166_txt_crude","20302"
"19254_txt_earn","20908"
"17023_txt_trade","20966"
"12266_txt_earn","21046"
"10508_txt_acq","21081"
"16163_txt_acq","21595"
"4692_txt_earn","22238"
"11721_txt_earn","22367"
"17251_txt_trade","22406"
"6121_txt_acq","22587"
"12044_txt_earn","22682"
"21315_txt_earn","22970"
"21412_txt_earn","23136"
"12783_txt_earn","23435"
"17579_txt_acq","23838"
"15149_txt_acq","24137"
"19241_txt_acq","24353"
"9445_txt_crude","24409"
"20344_txt_earn","24549"
"18052_txt_earn","24765"
"3762_txt_interest","25193"
"9818_txt_earn","25392"
"6023_txt_crude","25400"
"20391_txt_earn","25405"
"6352_txt_interest","25907"
"4067_txt_earn","26285"
"20220_txt_earn","26468"
"8823_txt_acq","27854"
"20757_txt_trade","27989"
"2979_txt_interest","28189"
"11242_txt_acq","29554"
"13096_txt_crude","30054"
"904_txt_acq","30870"
"8131_txt_crude","32146"
"19044_txt_trade","33015"
"8177_txt_earn","33076"
"16207_txt_earn","33955"
"6952_txt_trade","35135"
"3991_txt_acq","35367"
"15840_txt_trade","35759"
"20286_txt_earn","37552"
"372_txt_acq","38301"
"2149_txt_earn","41467"
"19511_txt_interest","41704"
"18519_txt_trade","42144"
"5398_txt_acq","42366"
"14865_txt_acq","44839"
"13611_txt_crude","44893"
"5121_txt_acq","45889"
"2279_txt_earn","46913"
"7684_txt_crude","50085"
"1276_txt_acq","50103"
"1238_txt_acq","50117"
"4429_txt_crude","51012"
"11817_txt_interest","51835"
"11848_txt_interest","51835"
"2155_txt_interest","52122"
"18239_txt_acq","52549"
"14099_txt_acq","55007"
"4386_txt_crude","55012"
"19441_txt_acq","55970"
"2725_txt_interest","57220"
"4041_txt_crude","57338"
"4125_txt_crude","57338"
"10080_txt_crude","59212"
"9527_txt_crude","60025"
"19529_txt_interest","61979"
"5102_txt_acq","65013"
"9675_txt_interest","66542"
"16685_txt_acq","72687"
"8677_txt_interest","76848"
"9135_txt_trade","77650"
"21541_txt_crude","78382"
"9012_txt_interest","78394"
"19561_txt_earn","81193"
"3948_txt_acq","84146"
"19837_txt_acq","84645"
"6184_txt_crude","85017"
"2522_txt_crude","90925"
"20021_txt_interest","91223"
"17429_txt_crude","91762"
"17236_txt_crude","101043"
"17298_txt_crude","101043"
"11831_txt_interest","102776"
"4014_txt_earn","105690"
"1616_txt_crude","107401"
"12463_txt_earn","110166"
"3253_txt_interest","113467"
"15894_txt_acq","114072"
"10894_txt_earn","114135"
"10000_txt_earn","114356"
"8125_txt_earn","117434"
"6125_txt_crude","118152"
"5465_txt_acq","124269"
"5123_txt_crude","125099"
"5125_txt_crude","125099"
"5281_txt_crude","125102"
"1932_txt_trade","131640"
"21551_txt_earn","131784"
"2699_txt_acq","132079"
"6163_txt_crude","135067"
"7813_txt_acq","137633"
"3417_txt_acq","137968"
"13095_txt_acq","138394"
"8579_txt_earn","139928"
"11663_txt_earn","144986"
"3115_txt_crude","145226"
"8644_txt_earn","149975"
"16762_txt_crude","150017"
"551_txt_acq","150271"
"12862_txt_earn","151092"
"9171_txt_trade","156419"
"10825_txt_trade","156909"
"6096_txt_acq","163290"
"844_txt_acq","165560"
"271_txt_trade","168831"
"16710_txt_crude","170630"
"13280_txt_crude","171711"
"7305_txt_acq","173088"
"6060_txt_crude","177003"
"10750_txt_crude","178530"
"5902_txt_acq","182637"
"6091_txt_interest","186371"
"9253_txt_crude","186566"
"19512_txt_interest","186775"
"5119_txt_crude","190163"
"8015_txt_crude","190263"
"7632_txt_trade","198001"
"6791_txt_crude","198604"
"8141_txt_trade","198811"
"8244_txt_trade","198811"
"17780_txt_crude","199381"
"9381_txt_acq","200110"
"10693_txt_crude","200335"
"15005_txt_earn","200366"
"6525_txt_earn","201172"
"4074_txt_earn","201352"
"6124_txt_acq","201787"
"12122_txt_interest","201833"
"6369_txt_interest","202310"
"8069_txt_crude","202762"
"8138_txt_trade","203462"
"10355_txt_trade","204076"
"17075_txt_trade","204099"
"17305_txt_trade","205523"
"4341_txt_earn","206303"
"16700_txt_acq","208066"
"2688_txt_crude","210218"
"4028_txt_crude","211566"
"6578_txt_crude","212006"
"3594_txt_crude","212383"
"18495_txt_earn","216116"
"4174_txt_crude","219034"
"20878_txt_crude","221028"
"18186_txt_crude","225107"
"6223_txt_acq","225964"
"19737_txt_acq","226186"
"18493_txt_crude","228728"
"13633_txt_crude","229542"
"18332_txt_crude","229977"
"10788_txt_acq","233050"
"4621_txt_earn","240312"
"17651_txt_acq","244399"
"8755_txt_crude","245059"
"15600_txt_acq","251608"
"5530_txt_earn","258271"
"17864_txt_acq","258829"
"2775_txt_crude","260075"
"4365_txt_crude","260502"
"8435_txt_earn","263128"
"13184_txt_crude","282044"
"12846_txt_interest","284215"
"17115_txt_acq","285092"
"11177_txt_acq","289343"
"13194_txt_acq","292772"
"11722_txt_acq","295198"
"16997_txt_crude","296623"
"21568_txt_crude","300019"
"17771_txt_crude","302065"
"11559_txt_crude","305106"
"273_txt_crude","306080"
"1692_txt_crude","318603"
"12629_txt_acq","324334"
"11378_txt_acq","330083"
"2219_txt_acq","330632"
"2530_txt_crude","333222"
"5796_txt_crude","338631"
"883_txt_earn","339532"
"11755_txt_acq","343992"
"16029_txt_acq","346726"
"2151_txt_acq","350005"
"19966_txt_earn","354812"
"17813_txt_crude","369013"
"19424_txt_earn","371395"
"13115_txt_crude","372733"
"1581_txt_acq","377346"
"21131_txt_crude","377919"
"2729_txt_earn","379005"
"12810_txt_interest","379683"
"8472_txt_acq","381249"
"21071_txt_acq","390034"
"7319_txt_acq","392071"
"5483_txt_earn","393295"
"6350_txt_interest","397819"
"18419_txt_crude","400027"
"6301_txt_crude","401879"
"11220_txt_earn","404215"
"13182_txt_acq","409068"
"4593_txt_crude","410029"
"13266_txt_crude","411796"
"9181_txt_earn","413224"
"2268_txt_acq","417206"
"19448_txt_acq","420135"
"19539_txt_trade","421351"
"6248_txt_earn","438418"
"5118_txt_crude","450213"
"4983_txt_crude","457365"
"19927_txt_crude","465293"
"18238_txt_acq","466145"
"3592_txt_crude","475905"
"8914_txt_crude","476368"
"17957_txt_acq","479094"
"15578_txt_interest","482116"
"2767_txt_crude","483083"
"1103_txt_acq","486880"
"2973_txt_crude","487720"
"3048_txt_crude","487724"
"11497_txt_earn","493959"
"13005_txt_acq","500487"
"6810_txt_acq","502129"
"15468_txt_acq","503306"
"17054_txt_crude","505427"
"19285_txt_crude","506490"
"18389_txt_crude","508069"
"6521_txt_earn","517540"
"4918_txt_acq","521153"
"14623_txt_acq","527655"
"21408_txt_acq","529871"
"4689_txt_crude","533075"
"18955_txt_earn","533140"
"16077_txt_crude","545128"
"11007_txt_crude","547013"
"17212_txt_acq","547681"
"16739_txt_crude","550039"
"16074_txt_interest","553725"
"8096_txt_earn","554562"
"12908_txt_interest","558391"
"3884_txt_earn","569175"
"7496_txt_crude","570161"
"1225_txt_earn","576170"
"2540_txt_acq","577428"
"18904_txt_interest","579265"
"15900_txt_acq","580509"
"15816_txt_interest","583339"
"15276_txt_acq","591747"
"3371_txt_interest","596614"
"16681_txt_interest","598423"
"10375_txt_trade","603283"
"6201_txt_crude","611489"
"20797_txt_acq","641282"
"13200_txt_crude","656987"
"19499_txt_crude","657201"
"12616_txt_earn","658092"
"12040_txt_interest","658860"
"6964_txt_trade","673082"
"17291_txt_crude","677286"
"7135_txt_trade","685643"
"6233_txt_earn","716276"
"17716_txt_acq","717863"
"3980_txt_crude","728432"
"96_txt_acq","741318"
"17250_txt_acq","746101"
"18774_txt_crude","751994"
"12016_txt_interest","757546"
"8512_txt_acq","757878"
"4039_txt_crude","760036"
"4129_txt_crude","760037"
"9110_txt_acq","772905"
"20917_txt_acq","779835"
"10440_txt_earn","785779"
"1684_txt_acq","786366"
"10398_txt_earn","788921"
"13103_txt_acq","800177"
"4609_txt_crude","801532"
"11025_txt_crude","801589"
"2998_txt_crude","803317"
"12658_txt_earn","812091"
"5034_txt_earn","816257"
"17975_txt_earn","824584"
"21248_txt_earn","843267"
"13212_txt_acq","844794"
"8160_txt_crude","848536"
"6073_txt_earn","857319"
"9208_txt_crude","859367"
"20396_txt_acq","862060"
"2799_txt_acq","863448"
"19506_txt_crude","870029"
"9642_txt_acq","870966"
"9246_txt_acq","872876"
"21502_txt_crude","875562"
"15762_txt_earn","882768"
"10918_txt_acq","900096"
"6930_txt_acq","900733"
"1694_txt_acq","901308"
"1679_txt_acq","902021"
"19559_txt_crude","909254"
"246_txt_crude","910618"
"16015_txt_earn","922055"
"21357_txt_acq","923835"
"19509_txt_crude","926677"
"16641_txt_earn","941031"
"12380_txt_earn","942983"
"12919_txt_interest","947549"
"353_txt_crude","948015"
"12176_txt_earn","956399"
"15610_txt_interest","959556"
"3920_txt_acq","965144"
"1835_txt_acq","965251"
"714_txt_acq","965347"
"1347_txt_trade","967659"
"17025_txt_acq","980078"
"8134_txt_crude","1001263"
"3571_txt_crude","1002198"
"4357_txt_earn","1002285"
"18182_txt_acq","1013468"
"366_txt_acq","1073058"
"15585_txt_earn","1074060"
"4358_txt_earn","1085473"
"16658_txt_crude","1089372"
"14263_txt_acq","1108914"
"17199_txt_crude","1110425"
"9045_txt_acq","1125024"
"9279_txt_crude","1136219"
"16684_txt_acq","1150259"
"1015_txt_earn","1164066"
"13085_txt_acq","1171872"
"17489_txt_earn","1205676"
"2552_txt_acq","1232998"
"11979_txt_earn","1235188"
"10462_txt_acq","1237750"
"17506_txt_acq","1243735"
"1343_txt_crude","1264830"
"19069_txt_crude","1270081"
"20708_txt_earn","1276919"
"11568_txt_earn","1277271"
"19784_txt_earn","1277860"
"5535_txt_earn","1290659"
"19880_txt_acq","1308471"
"2568_txt_earn","1314391"
"17816_txt_crude","1328101"
"19666_txt_acq","1334664"
"6432_txt_crude","1335240"
"17519_txt_crude","1340135"
"18986_txt_acq","1376556"
"11941_txt_interest","1392585"
"20766_txt_acq","1404499"
"12172_txt_acq","1414314"
"236_txt_crude","1414935"
"8399_txt_earn","1424519"
"16417_txt_earn","1448680"
"20804_txt_earn","1449245"
"8970_txt_earn","1471396"
"1628_txt_acq","1500048"
"10458_txt_acq","1500057"
"15560_txt_interest","1541484"
"9101_txt_earn","1549475"
"3111_txt_interest","1560147"
"19683_txt_acq","1561883"
"17595_txt_acq","1600586"
"5594_txt_earn","1610546"
"7997_txt_acq","1627788"
"14028_txt_acq","1650007"
"17004_txt_acq","1650092"
"2802_txt_acq","1654822"
"16274_txt_interest","1698314"
"9103_txt_earn","1709220"
"20419_txt_earn","1803980"
"2231_txt_crude","1819152"
"11892_txt_acq","1819972"
"2850_txt_earn","1834266"
"18252_txt_acq","1843146"
"552_txt_earn","1845743"
"17972_txt_earn","1855003"
"1990_txt_crude","1860739"
"6783_txt_earn","1878077"
"3841_txt_earn","1893154"
"20008_txt_crude","1921008"
"11904_txt_earn","1928061"
"19450_txt_earn","1953304"
"8017_txt_earn","1977240"
"686_txt_earn","2004740"
"12880_txt_interest","2093208"
"6441_txt_acq","2093805"
"10200_txt_crude","2094975"
"20137_txt_acq","2100041"
"11758_txt_earn","2152006"
"18205_txt_acq","2178813"
"10960_txt_acq","2200030"
"1729_txt_acq","2209926"
"12042_txt_earn","2218499"
"16522_txt_earn","2230431"
"9072_txt_earn","2301187"
"6456_txt_earn","2326307"
"12294_txt_earn","2395230"
"17978_txt_acq","2401985"
"14517_txt_earn","2413729"
"5993_txt_earn","2426609"
"11192_txt_acq","2430098"
"7472_txt_earn","2430139"
"5244_txt_crude","2433114"
"18600_txt_acq","2500459"
"1117_txt_earn","2534126"
"9925_txt_acq","2590026"
"16410_txt_earn","2619689"
"19648_txt_earn","2637578"
"10883_txt_acq","2698573"
"18040_txt_acq","2700047"
"4934_txt_earn","2708362"
"20270_txt_crude","2717488"
"4360_txt_acq","2741747"
"21041_txt_acq","2802037"
"7922_txt_earn","2912429"
"5308_txt_earn","2932520"
"20384_txt_earn","2945464"
"21404_txt_acq","2957398"
"17545_txt_earn","2959524"
"6814_txt_earn","3006450"
"21436_txt_earn","3017154"
"19815_txt_earn","3059658"
"9332_txt_acq","3200055"
"9937_txt_earn","3298060"
"16874_txt_acq","3328626"
"9425_txt_earn","3420118"
"8117_txt_crude","3469523"
"17035_txt_earn","3480321"
"18870_txt_earn","3523368"
"20479_txt_earn","3527335"
"4419_txt_earn","3547085"
"5084_txt_earn","3552769"
"17712_txt_earn","3553900"
"6313_txt_earn","3640130"
"5409_txt_acq","3800047"
"11_txt_earn","3824457"
"5309_txt_acq","3847516"
"4258_txt_earn","3856372"
"2409_txt_earn","3863481"
"4361_txt_earn","3906740"
"4937_txt_acq","3920599"
"15354_txt_earn","3922562"
"2236_txt_earn","3958585"
"5750_txt_acq","4045146"
"11920_txt_acq","4061179"
"4581_txt_earn","4146234"
"16824_txt_earn","4181011"
"21228_txt_acq","4222674"
"8750_txt_earn","4242413"
"11563_txt_acq","4249547"
"21191_txt_earn","4353537"
"11621_txt_earn","4404356"
"145_txt_earn","4500468"
"11685_txt_earn","4501072"
"9618_txt_earn","4542287"
"15006_txt_earn","4581500"
"20457_txt_acq","4585715"
"6732_txt_earn","4801133"
"14324_txt_earn","4804633"
"10427_txt_earn","4865710"
"2496_txt_earn","4996547"
"11736_txt_earn","5000418"
"1467_txt_earn","5000438"
"20802_txt_earn","5034556"
"3295_txt_acq","5066009"
"15558_txt_earn","5069343"
"1497_txt_acq","5101990"
"19713_txt_acq","5269188"
"20930_txt_earn","5314259"
"1354_txt_acq","5428343"
"7755_txt_earn","5497005"
"16388_txt_earn","5558466"
"17470_txt_interest","5569886"
"2342_txt_earn","5578909"
"11962_txt_acq","5602188"
"1569_txt_earn","5612733"
"16486_txt_earn","5796045"
"10919_txt_earn","5979933"
"16297_txt_earn","6041968"
"12063_txt_earn","6145411"
"7046_txt_acq","6160019"
"10822_txt_earn","6185861"
"6466_txt_earn","6223987"
"20736_txt_earn","6377136"
"21224_txt_earn","6457193"
"3667_txt_earn","6515533"
"21203_txt_earn","6755051"
"2227_txt_earn","6795719"
"20973_txt_earn","6915726"
"16921_txt_earn","6925547"
"7065_txt_acq","6951104"
"5575_txt_earn","6970721"
"5925_txt_earn","7185260"
"4143_txt_earn","7208098"
"15984_txt_earn","7280500"
"20654_txt_earn","7302336"
"5555_txt_earn","7322399"
"2353_txt_earn","7392538"
"16872_txt_acq","7426107"
"20308_txt_earn","7453496"
"242_txt_crude","7503611"
"3025_txt_acq","7525282"
"4235_txt_acq","7552402"
"7272_txt_earn","7558528"
"14630_txt_earn","7572407"
"15410_txt_interest","7574556"
"20319_txt_earn","7622235"
"8580_txt_earn","7635536"
"10879_txt_earn","7690260"
"1351_txt_earn","7708444"
"21189_txt_earn","7742157"
"12672_txt_earn","7780208"
"4404_txt_earn","7824582"
"5731_txt_earn","7832333"
"8691_txt_acq","7864539"
"7635_txt_acq","7887729"
"9238_txt_earn","8000429"
"1384_txt_earn","8005054"
"16848_txt_earn","8116528"
"2667_txt_earn","8152288"
"4307_txt_earn","8246772"
"11115_txt_earn","8356375"
"12506_txt_earn","8439440"
"11338_txt_earn","8496265"
"20548_txt_earn","8550338"
"8292_txt_earn","8608276"
"2807_txt_earn","8724324"
"2693_txt_earn","8804739"
"16797_txt_earn","8883154"
"9427_txt_earn","8971397"
"19368_txt_acq","8984023"
"16374_txt_earn","8998049"
"21262_txt_earn","9015625"
"19704_txt_earn","9025622"
"12889_txt_acq","9200041"
"8294_txt_earn","9221290"
"11873_txt_acq","9250001"
"4142_txt_earn","9301280"
"9029_txt_earn","9380948"
"6105_txt_earn","9493958"
"6594_txt_earn","9493989"
"21385_txt_earn","9494534"
"2316_txt_earn","9632792"
"3624_txt_earn","9761121"
"12258_txt_earn","9770551"
"18028_txt_earn","9793419"
"11503_txt_earn","9801875"
"10094_txt_earn","9891790"
"15476_txt_earn","9907470"
"6134_txt_earn","9910123"
"2789_txt_earn","9947525"
"19427_txt_earn","9950233"
"12240_txt_earn","9979044"
"6005_txt_earn","10010055"
"17616_txt_earn","10042581"
"2253_txt_earn","10066275"
"1846_txt_earn","10156711"
"5667_txt_acq","10200129"
"10885_txt_earn","10335811"
"21042_txt_earn","10447356"
"19887_txt_earn","10531384"
"9502_txt_earn","10535278"
"10856_txt_earn","10542889"
"5723_txt_earn","10553337"
"4805_txt_earn","10747320"
"21346_txt_earn","10821411"
"8521_txt_earn","10954271"
"16814_txt_earn","10960176"
"8275_txt_earn","10969134"
"5545_txt_earn","11048333"
"9252_txt_acq","11111214"
"11153_txt_earn","11147851"
"16667_txt_acq","11222593"
"20885_txt_earn","11286880"
"1452_txt_earn","11547865"
"11578_txt_earn","11618138"
"1009_txt_earn","11783938"
"3344_txt_earn","11929509"
"21386_txt_earn","12097914"
"20888_txt_earn","12114224"
"21028_txt_earn","12132380"
"20324_txt_earn","12258044"
"16910_txt_earn","12269732"
"5906_txt_earn","12274468"
"20291_txt_earn","12323946"
"20453_txt_earn","12406499"
"8859_txt_earn","12462807"
"410_txt_earn","12495427"
"8530_txt_earn","12569473"
"10097_txt_earn","12596683"
"7634_txt_earn","12700571"
"14995_txt_earn","12710202"
"5050_txt_earn","12852487"
"8999_txt_earn","12905293"
"8409_txt_earn","12955244"
"21406_txt_earn","13047401"
"1375_txt_earn","13054384"
"3573_txt_acq","13129363"
"20817_txt_earn","13140589"
"9810_txt_earn","13287816"
"4273_txt_earn","13426837"
"21148_txt_earn","13434220"
"11630_txt_earn","13562748"
"24_txt_earn","13724367"
"21049_txt_earn","13728041"
"16911_txt_earn","13764032"
"6187_txt_earn","13776073"
"20747_txt_earn","13852839"
"7092_txt_earn","13888173"
"9444_txt_earn","13971194"
"3668_txt_earn","14002773"
"6175_txt_earn","14016022"
"20634_txt_earn","14047283"
"10870_txt_earn","14067462"
"6495_txt_earn","14220539"
"21100_txt_earn","14451372"
"210_txt_earn","14503499"
"9372_txt_earn","14547970"
"1344_txt_earn","14746582"
"1258_txt_earn","14885469"
"7954_txt_earn","14919175"
"8935_txt_earn","14957270"
"10832_txt_earn","14967839"
"4914_txt_earn","15179245"
"21256_txt_earn","15198055"
"14954_txt_earn","15295153"
"20381_txt_earn","15340169"
"7398_txt_earn","15758035"
"9839_txt_earn","15911335"
"15679_txt_earn","15934705"
"7790_txt_earn","15972666"
"1011_txt_earn","16063517"
"17630_txt_earn","16455248"
"16377_txt_earn","16458307"
"12383_txt_earn","16477981"
"3039_txt_acq","16571778"
"11884_txt_earn","16608021"
"16890_txt_earn","16675889"
"11529_txt_earn","16756176"
"12353_txt_earn","16852166"
"5602_txt_earn","16920619"
"1461_txt_earn","16930468"
"21047_txt_earn","17014329"
"10114_txt_earn","17104027"
"18648_txt_earn","17178329"
"1602_txt_earn","17179774"
"19915_txt_earn","17206633"
"202_txt_earn","17234556"
"20363_txt_earn","17268822"
"6035_txt_earn","17289641"
"6830_txt_earn","17313658"
"10196_txt_earn","17417424"
"8027_txt_earn","17594148"
"1314_txt_earn","17647666"
"19862_txt_earn","17786076"
"4141_txt_earn","17823546"
"20968_txt_earn","17968815"
"20837_txt_earn","18068673"
"11132_txt_earn","18126849"
"5051_txt_earn","18130886"
"10601_txt_earn","18135041"
"16812_txt_earn","18340333"
"3740_txt_earn","18407874"
"20118_txt_earn","18421100"
"4378_txt_earn","18768447"
"4911_txt_earn","18989378"
"16206_txt_earn","19012263"
"19890_txt_acq","19106143"
"6670_txt_earn","19141893"
"5716_txt_earn","19146099"
"20695_txt_earn","19220088"
"848_txt_earn","19388469"
"16342_txt_earn","19437259"
"15352_txt_trade","19870377"
"10423_txt_acq","19964588"
"6288_txt_earn","19971620"
"12035_txt_earn","20151769"
"2752_txt_earn","20245062"
"5316_txt_earn","20398495"
"16815_txt_earn","20431031"
"12715_txt_earn","20527644"
"7190_txt_earn","20550114"
"4791_txt_earn","20561219"
"7192_txt_earn","20697215"
"21215_txt_earn","20863983"
"2309_txt_earn","20916544"
"6837_txt_earn","21012933"
"16096_txt_interest","21079717"
"20105_txt_earn","21261654"
"14971_txt_earn","21484691"
"11878_txt_earn","21723058"
"6681_txt_earn","21834049"
"6138_txt_earn","21946289"
"20586_txt_earn","22031753"
"11666_txt_earn","22166578"
"18602_txt_earn","22670084"
"8337_txt_earn","22799681"
"16672_txt_earn","22897240"
"20711_txt_earn","22931875"
"20529_txt_earn","22945942"
"3680_txt_earn","23108369"
"6211_txt_earn","23124279"
"2228_txt_interest","23133846"
"20660_txt_earn","23308687"
"20658_txt_earn","23478917"
"1137_txt_earn","23623022"
"449_txt_earn","23766815"
"16458_txt_earn","23917238"
"3713_txt_earn","23927806"
"1643_txt_earn","24137395"
"837_txt_earn","24288836"
"6244_txt_earn","24359859"
"11633_txt_earn","24556432"
"4216_txt_earn","24662280"
"20494_txt_earn","24755527"
"151_txt_earn","24818784"
"1327_txt_earn","24948815"
"6048_txt_earn","25006774"
"11588_txt_earn","25165723"
"21114_txt_earn","25508133"
"16801_txt_earn","25548150"
"16492_txt_earn","25851034"
"11320_txt_earn","26053148"
"18875_txt_earn","26338747"
"5968_txt_earn","26419590"
"21238_txt_earn","26424558"
"20894_txt_earn","26509881"
"169_txt_earn","27326407"
"17967_txt_earn","27530206"
"19375_txt_earn","27803310"
"1541_txt_earn","28168525"
"11980_txt_earn","28386040"
"13714_txt_acq","28836007"
"5565_txt_earn","28847083"
"3629_txt_earn","28876496"
"3903_txt_earn","29123818"
"6323_txt_earn","29369308"
"1689_txt_earn","29753201"
"9334_txt_earn","29869883"
"2757_txt_earn","30001128"
"15821_txt_earn","30103182"
"18243_txt_earn","30117221"
"21178_txt_earn","30301971"
"20527_txt_earn","30345767"
"19170_txt_earn","30705217"
"16371_txt_earn","30814029"
"7212_txt_earn","31631690"
"1446_txt_earn","31721076"
"14540_txt_earn","32055360"
"5950_txt_earn","33919403"
"5444_txt_earn","34085337"
"1288_txt_earn","35321829"
"20896_txt_earn","35579998"
"4794_txt_earn","35738095"
"5543_txt_earn","37017343"
"731_txt_earn","37168564"
"20455_txt_earn","37579150"
"17672_txt_earn","38337689"
"21219_txt_earn","39197858"
"9896_txt_earn","39641842"
"1677_txt_earn","40657386"
"3557_txt_earn","41242220"
"9333_txt_earn","41740397"
"21283_txt_earn","42176711"
"18155_txt_earn","43803694"
"1460_txt_earn","45493080"
"5416_txt_earn","45647398"
"12204_txt_earn","47113071"
"16916_txt_earn","47673356"
"3874_txt_earn","48762692"
"9605_txt_earn","49108153"
"19657_txt_earn","49899099"
"19304_txt_earn","50014635"
"8577_txt_earn","50054093"
"1438_txt_earn","50214485"
"15888_txt_earn","50810902"
"8979_txt_earn","53758021"
"20593_txt_earn","54344079"
"4788_txt_earn","54623952"
"14427_txt_earn","56959314"
"7441_txt_earn","57092173"
"998_txt_earn","57388491"
"20385_txt_earn","58965852"
"7880_txt_earn","59847440"
"12231_txt_earn","60781840"
"4155_txt_earn","62052885"
"16496_txt_earn","63074762"
"2335_txt_earn","63633723"
"7826_txt_earn","63717694"
"16347_txt_earn","64633220"
"7884_txt_earn","69602002"
"2383_txt_crude","75893133"
"93_txt_earn","80274555"
"5438_txt_earn","84586636"
"2806_txt_earn","86150000"
"20728_txt_earn","99417342"
"9065_txt_crude","100652019"
"9556_txt_earn","109636114"
"2298_txt_earn","126707482"
"4425_txt_crude","141170046"
"2033_txt_earn","154066710"
"15107_txt_earn","175003099"
"20412_txt_earn","191340313"
"5055_txt_earn","218717115"
"14622_txt_earn","369151567"
"7184_txt_earn","416291288"
"4777_txt_earn","430509177"
"5355_txt_earn","463705117"
"18096_txt_earn","737156239"
"2663_txt_earn","1045064985"
"19844_txt_crude","250001656041"
"13236_txt_crude","800003267614"